1,Rory,Moore,rory_moore@domain_22.com
2,Benjamin,Phillips,benjamin_phillips@domain_41.com
3,Freddie,Smith,freddie_smith@domain_85.com
4,Alfie,Scott,alfie_scott@domain_24.com
5,Joshua,Edwards,joshua_edwards@domain_48.com
6,William,Williams,william_williams@domain_6.com
7,Rory,White,rory_white@domain_71.com
8,Benjamin,Edwards,benjamin_edwards@domain_81.com
9,Joshua,Smith,joshua_smith@domain_51.com
10,Harry,Wood,harry_wood@domain_0.com
11,Samuel,King,samuel_king@domain_99.com
12,Daniel,Wood,daniel_wood@domain_58.com
13,Jackson,Harris,jackson_harris@domain_10.com
14,Max,Turner,max_turner@domain_39.com
15,Freddie,Hall,freddie_hall@domain_48.com
16,Arlo,Patel,arlo_patel@domain_66.com
17,Mason,Hughes,mason_hughes@domain_93.com
18,Alexander,Thompson,alexander_thompson@domain_11.com
19,Noah,Young,noah_young@domain_61.com
20,Max,Thomas,max_thomas@domain_92.com
21,Luca,Young,luca_young@domain_51.com
22,Elijah,Thomas,elijah_thomas@domain_36.com
23,James,Clarke,james_clarke@domain_27.com
24,Luca,Wood,luca_wood@domain_52.com
25,Elliot,Lee,elliot_lee@domain_28.com
26,Archie,Baker,archie_baker@domain_14.com
27,Joseph,Wright,joseph_wright@domain_24.com
28,Harrison,Davies,harrison_davies@domain_88.com
29,George,Allen,george_allen@domain_16.com
30,Freddie,Hill,freddie_hill@domain_15.com
